Title (with clickable link),Speaker - Last Name,Speaker - First Name,Keyword,Date of Presentation
"<a href=""https://youtu.be/hub49Xmt-Eg"" target=""_blank"">Mild Cognitive Impairment and Dementia</a>","MacDonald, MD",Steve,Neurology,4/9/25
"<a href=""https://youtu.be/Bu6tTVdtIj8"" target=""_blank"">An Update on Metabolic Dysfunction Associated Streatotic Liver Disease - MASLD</a>","Kwon, MD",Hellan,Liver Disease,4/9/25
"<a href=""https://youtu.be/7rmQgEmh8KI"" target=""_blank"">Cannabis and Cannabis Use Disorder</a>","Frank, MD, PhD",Chris,Cannabis,4/9/25
"<a href=""https://youtu.be/Ml5m4OkeKRU"" target=""_blank"">Serious Illness Communication for the Primary Care Provider</a>","Ernst, MD",Emma,Communication,4/23/25
"<a href=""https://youtu.be/DxD6FFmkSdc"" target=""_blank"">MCAS, POTS, hEDS: Are they related?</a>","Greenblatt, MD",Melissa,Allergy,4/23/25
"<a href=""https://youtu.be/MsuTEVYNV2U"" target=""_blank"">POCUS in Primary Care: Tools for Clinical Care</a>","Gutierrez, MD",Laurel,POCUS,4/23/25
"<a href=""https://youtu.be/giPh6pNAjuE"" target=""_blank"">Diagnostic Stewardship in the Evaluation of Fatigue</a>","White-Manigault, MD, MPH",Ebony,Fatigue,4/30/25
"<a href=""https://youtu.be/jTTrOYjoPj4"" target=""_blank"">Identification of Autism Spectrum Disorders</a>","Shah, MD, MS, FAAP",Prachi,Autism,4/30/25
"<a href=""https://youtu.be/EjjxXQuompI"" target=""_blank"">Pain Management for IUD Insertion</a>","Nagarsheth, MD, MA",Meera,Pain,4/30/25
"<a href=""https://youtu.be/A3w4raLf4SQ"" target=""_blank"">Multiple Sclerosis</a>","Gupta, MD",Preeta,Neurology,5/14/25
"<a href=""https://youtu.be/FA3EoZBd3vc"" target=""_blank"">All of Us and The Necessity of Action</a>","Crichlow, MD",Renee,Advocacy,5/14/25
"<a href=""https://youtu.be/BJKW_ZZYe-k"" target=""_blank"">Management of Anxiety and Depression in Oncology: An Integrative Approach</a>","Huston, MD",Alissa,Integrative Medicine,6/11/25
"<a href=""https://youtu.be/HQp_eJA_ie4"" target=""_blank"">Breathe Easy: Mastering Pediatric Asthma Management</a>","Essoh, MBBS",Saly,Asthma,6/11/25
"<a href=""https://youtu.be/mWdehQw8Z_4"" target=""_blank"">The Threat of Measles & Other Vaccine-Preventable Diseases 2025</a>","Rockwell, MD",Pamela,Vaccines,6/11/25
"<a href=""https://youtu.be/tSrAUNqvEZs"" target=""_blank"">Screening for Heart Failure in Adult Diabetics</a>","Fenske, MD, Wyckoff, MD","Jill, Jennifer","Diabetes, Cardiac",7/9/25
"<a href=""https://youtu.be/JWADxhJEkIU"" target=""_blank"">Michigan Medicine and Dementia Care: Hospital Readmission</a>","Mahmoudi, PhD",Elham,Dementia,7/9/25
"<a href=""https://youtu.be/5jLaxwNhjHI"" target=""_blank"">Overview of Cardiac Stress Testing</a>","Joseph, MD",Megan,Cardiac,7/9/25
"<a href=""https://youtu.be/A-nNWpZWUQg"" target=""_blank"">Some 1st Trimetster POCUS</a>","Mgudem, MD",Chidera,POCUS,8/13/25
"<a href=""https://youtu.be/1ykgO0T_BDs"" target=""_blank"">Ketamine for Pain</a>","Duong, MD",Susan,Pain,8/13/25
"<a href=""https://youtu.be/keLiaGo1y_M"" target=""_blank"">Update on Gun Violence Prevention Efforts: A Clinician's Perspective</a>","Peggs, MD, Zazove, MD","Jim, Philip",Advocacy,8/13/25
"<a href=""https://youtu.be/0XtjoL84WG8"" target=""_blank"">SODA 2025 Morning</a>",,,,9/10/25
"<a href=""https://youtu.be/xUNr0tOVOvU"" target=""_blank"">Low Dose Radiation Therapy for Osteoarthritis</a>","Hristov, MD",Boris,Radiology,10/8/25
"<a href=""https://youtu.be/1ZIH4qZ2TKo"" target=""_blank"">Straight Talk: Enhancing Communication Through Style Awareness</a>",Connolly,Jessica,Communication,10/8/25
"<a href=""https://youtu.be/IbeNwee5Zps"" target=""_blank"">Health Disparities in Arab-Americans</a>","Haidar, MD",J. Aseel,DEI,10/22/25
"<a href=""https://youtu.be/jBD_Ay-19yI"" target=""_blank"">Demystifying Dyslipidemia</a>","Smith, MD",Emily,Cardiovascular,10/22/25
"<a href=""https://youtu.be/tfj7rM5-hko"" target=""_blank"">Beyond the Cigarrette</a>","Schlossberg, MD",Aiden,Nicotine,10/22/25
"<a href=""https://youtu.be/jXK8UR3lxDw"" target=""_blank"">Emergency Contraceptive Use in Individuals with Elevated BMI or Obesity</a>","Vincenzi-Bal, MD",Alexis,"Obesity, Contraception",10/29/25
"<a href=""https://youtu.be/FeIW-hDPBI4"" target=""_blank"">Infertility for the PCP</a>","Ghant, MD",Marissa,Conception,10/29/25
"<a href=""https://youtu.be/4WKZ8rFQXtg"" target=""_blank"">Cervical Cancer Screening: The New Era of Pateint Self-Collection</a>","Young, MD",Alisa P.,Gynecology,10/29/25
"<a href=""https://youtu.be/lsYDZsbmJd8"" target=""_blank"">Practical Considerations in Menopausal Hormone Therapy Prescribing</a>","O'Dywer, MB BCh, BAO, MPH",Marie Claire,Gynecology,11/12/25
"<a href=""https://youtu.be/n2pR_78P3xc"" target=""_blank"">The Growth of Medicare Advantage Program and How it Affects our Sickest Patients</a>","Ankuda, MD, MPH, MSc",Claire K.,Insurance,11/12/25
"<a href=""https://youtu.be/3y6lkiUowo0"" target=""_blank"">Emesis our nemesis: a step beyong Zofran</a>","Pudar, MD",Julie,Nausea,12/10/25
"<a href=""https://youtu.be/CAmzlcZF5vw"" target=""_blank"">Caring for Patients with Elevated BMI</a>","Harman, MD",Megan,"Obesity, Pregnancy",12/10/25
"<a href=""https://youtu.be/KefISx4-HjI"" target=""_blank"">Moral Distress in Medicine: Implications for Professional Identity and Practice</a>","Bricely, MD",Megan,Morals,12/10/25
"<a href=""https://youtu.be/ip0VSuA_6eI"" target=""_blank"">Ambulatory Antimicrobial Stewardship: Data Review and Guidelines Update</a>","Petty, MD, Lloyd MD, Dillman PharmD","Lindsay, Elizabeth, Nicholas",Operations,1/14/26
"<a href=""https://youtu.be/rBE-PaXGm3w"" target=""_blank"">Common Breastfeeding Problems in Family Medicine</a>","Turner, MD",Katherine,Pregnancy,1/14/26
"<a href=""https://youtu.be/e5FF6ZhA0Vk"" target=""_blank"">Down Syndrome Through the Lifespan</a>","Garber, MD",Noah,Disability,1/14/26
"<a href=""https://youtu.be/uZacnqmo6YE"" target=""_blank"">2026 Resident Research Presentations</a>",2026 Residents,,Research,2/11/26
"<a href=""https://youtu.be/VVOvflxZxHc"" target=""_blank"">From Herbal Remedy to Public Health Threat: Kratom, 7-OH, and a Call to Action for Family Physicians</a>","Hutchinson, MD",Eliza,Kratom,3/11/26
"<a href=""https://youtu.be/6pkuLncWQDA"" target=""_blank"">The Complexities of Psychological Safety</a>","Eckleberry-Hunt, Ph.D",Jodie,Psychology,3/11/26
"<a href=""https://youtu.be/lbFzxa7TB-g"" target=""_blank"">Prostate Cancer Early Detection: Maximizing Benefits Minimizing Harms</a>","Heidelburgh MD, Palapattu MD, Salami MD","Joel, Ganesh, Simpa",Cancer,4/8/26
"<a href=""https://youtu.be/QFDiwszzKNk"" target=""_blank"">Preoperative Cardiac Assessment</a>","Rudy, MD",Michael,Surgery,4/8/26
"<a href=""https://youtu.be/RLYTlP4ZJz8"" target=""_blank"">Diabetic Foot Complications and Management</a>","Holmes, DPM",Crystal,Diabetes,4/8/26
"<a href=""https://youtu.be/_STb_iHyaxE"" target=""_blank"">Managing the Increasing Demand for Alzheimer's Care</a>","Storck, MD",David,Elder Care,4/22/26
"<a href=""https://youtu.be/B2JTBr8ZMn8"" target=""_blank"">Osteoporosis Risk Stratification Tools and Screening Considerations</a>","Sawhney, MD, MPH",Pearl,Screening,4/22/26
"<a href=""https://youtu.be/7TygxkUpzyU"" target=""_blank"">Managing Dyslipidemia in 2026</a>","Pinkos, DO",Jay,Dyslipidemia,4/22/26